{
  "project_info": {
    "project_number": "1043400336979",
    "firebase_url": "https://unityapp-database.firebaseio.com",
    "project_id": "unityapp-database",
    "storage_bucket": "unityapp-database.appspot.com"
  },
  "client": [
    {
      "client_info": {
        "mobilesdk_app_id": "1:1043400336979:android:3ca8e3eedc894916",
        "android_client_info": {
          "package_name": "com.example.unityapp"
        }
      },
      "oauth_client": [
        {
          "client_id": "1043400336979-62jq4epi3053rgvcpa6hqck3i5t6e043.apps.googleusercontent.com",
          "client_type": 1,
          "android_info": {
            "package_name": "com.example.unityapp",
            "certificate_hash": "aa445ea9f0fb9e255c54292b0accaa347e0a210d"
          }
        },
        {
          "client_id": "1043400336979-oib5uvcim77q9jtlf3mrlpotpam1uipf.apps.googleusercontent.com",
          "client_type": 3
        }
      ],
      "api_key": [
        {
          "current_key": "AIzaSyD12epktoPOt_jb3KKzyOn1kvveJHIJA4w"
        }
      ],
      "services": {
        "appinvite_service": {
          "other_platform_oauth_client": [
            {
              "client_id": "1043400336979-oib5uvcim77q9jtlf3mrlpotpam1uipf.apps.googleusercontent.com",
              "client_type": 3
            }
          ]
        }
      }
    }
  ],
  "configuration_version": "1"
}